headline_1,paragraph_1,headline_2,paragraph_2,headline_3,paragraph_3,article_link,img_link
"Many Cities Say Yes to Federal Police Help, but No to ‘Occupation’","Some officials said they would welcome more traditional law enforcement cooperation with federal agents, but see the National Guard as a step too far.",Grand Juries in D.C. Reject Wave of Charges Under Trump’s Crackdown,The persistent rejections suggest that the grand jurors may have had enough of prosecutors seeking harsh charges in a highly politicized environment.,Chicago Braces for a Surge of Federal Agents,,https://www.nytimes.com/2025/09/06/us/federal-law-enforcement-national-guard-policing.html,https://static01.nyt.com/images/2025/09/06/multimedia/06nat-fed-policing-cpqt/06nat-fed-policing-cpqt-threeByTwoMediumAt2X.jpg?format=pjpg&quality=75&auto=webp&disable=upscale
How Trump’s Blunt-Force Diplomacy Is Pushing His Rivals Together,"Some of President Trump’s pressure tactics appear to have backfired, sending would-be allies into the embrace of China.",Trump Says U.S. Military Has ‘Never Fought to Win’ Since World War II,"President Trump made the comments as he signed an order recognizing the Defense Department as the “Department of War,” a name dropped after World War II.",Second Weak Jobs Report Undercuts Trump’s Claims of a Booming Economy,,https://www.nytimes.com/2025/09/05/us/politics/trump-diplomacy-rivals.html,
Settlement Talks Stall Between Harvard and the Trump Administration,One major reason is said to be an emerging divide within the administration over whether the current framework is too favorable to the university.,"At George Mason University, Trump Has Found an Unbending Adversary","Gregory Washington, George Mason’s first Black president, runs a university that prizes diversity. That has made him a target of the Trump administration.",What Has the Administration Gotten From Law Firms and Universities?,,https://www.nytimes.com/2025/09/06/us/politics/harvard-trump-negotiations-stall.html,
"Thrust Into the Line of Fire, Iranians Worry About What Comes Next","We visited Tehran and talked to Iranians living in the aftermath of the 12-day war with Israel in June. Some want to strike back, others want to move on.",,,,,https://www.nytimes.com/2025/09/06/world/africa/thrust-into-the-line-of-fire-iranians-worry-about-what-comes-next.html,
Israel Targets More Buildings in Gaza City and Warns Residents to Flee,,,,,,https://www.nytimes.com/2025/09/06/world/middleeast/israel-gaza-humanitarian.html,
Did You Follow the News This Week? Take Our Quiz.,,"Play Flashback, Your Weekly History Quiz",,,,,
Immigration Raid on Hyundai-LG Plant in Georgia Rattles South Korea,The shocked but subdued reaction to the arrest of hundreds of Koreans reflected the delicate position of a government engaged in tense trade talks with the U.S.,,,,,https://www.nytimes.com/2025/09/06/world/asia/immigration-raid-hyundai-lg-south-korea-georgia.html,https://static01.nyt.com/images/2025/09/05/multimedia/05xp-hyundai-qtgb/05xp-hyundai-qtgb-threeByTwoMediumAt2X.jpg?format=pjpg&quality=30&auto=webp&disable=upscale
Would Anyone Use a Chinese Stablecoin?,A new law in Hong Kong could pave the way for digital currencies tied to China.,,,,,,
How a Top Secret SEAL Team 6 Mission Into North Korea Fell Apart,"The 2019 operation, greenlit by President Trump, sought a strategic edge. It left unarmed North Koreans dead.",,,,,https://www.nytimes.com/2025/09/05/us/navy-seal-north-korea-trump-2019.html,
,,,,,,,https://static01.nyt.com/images/2025/07/08/reader-center/author-patrick-healy-news/author-patrick-healy-news-thumbLarge.png?quality=75&auto=webp
When It’s Too Hot to Deliver,"Delivery riders are some of the most vulnerable workers of booming gig economies. During successive heat waves this summer in Italy, it got complicated.",,,,,,
Jannik Sinner and Carlos Alcaraz Each Took Their Own Path to the U.S. Open Final,"For the third time in a row at a Grand Slam, Jannik Sinner and Carlos Alcaraz will contest the final. The showdown was set after two very different matches.",‘They Keep Us Rolling’: Wheelchair Tennis at the U.S. Open Has a Pit Crew,A trio of technicians must rush to the aid of players whose wheelchairs break during the tournament. They have just 15 minutes.,Can You Ace Our Tennis Quiz?,,https://www.nytimes.com/athletic/6601702/2025/09/06/us-open-semifinals-alcaraz-djokovic-sinner-auger-aliassime/,
Adams Insists He’s Running for Mayor Despite Saudi Ambassadorship Talks,"The discussions were said to be part of an effort to get Mayor Eric Adams of New York to end his mayoral campaign, but appeared to be fading on Friday.",A Mayor in Disrepute Was Saved by an Ambassadorship. The Year Was 1950.,Eric Adams would not be the first to leave Gracie Mansion for an embassy. William O’Dwyer did it decades ago.,,,https://www.nytimes.com/2025/09/05/nyregion/eric-adams-saudi-arabia-ambassador.html,
Giorgio Armani’s Red Carpet Secret? Her Name Was Wanda.,Armani amassed a cavalcade of celebrity spokespeople. Many came through a former journalist named Wanda McDaniel.,,,,,,
Offer Accepted,"We spend a lot of time thinking of reasons we shouldn’t do things, Melissa Kirsch writes. What if we decided to default to yes?",,,,,,
A Miserable Moment for Starmer: An Ally Resigns and Farage Gloats,The resignation of his deputy prime minister was the latest setback for Prime Minister Keir Starmer of Britain as he battles the right-wing populist Nigel Farage.,"When It Comes to Spotting Fake Receipts, It’s A.I. vs. A.I.",Software companies that audit expense reports are adding a new arsenal of capabilities to try to detect receipts that have been created using A.I. chatbots.,"Ken Dryden, Hall of Fame Goalie for Montreal Canadiens, Dies at 78","Regarded as one of the N.H.L.’s greatest goalies despite playing only seven full seasons in the 1970s, Dryden went on to a career in Canadian politics.",https://www.nytimes.com/2025/09/06/world/europe/uk-starmer-farage.html,
Play Connections: Sports Edition,,,,,,,
Wordle,Guess the 5-letter word with 6 chances.,Connections,Group words that share a common thread.,Pips,Place every domino in the right spot.,,
